ID,website,username,password,date
0,http://gppgle.com,kjashdsa,jkahgsds,04:59:47 06/01/2020
1,http://gppgle.com,kjashdsa,jkahgsds,04:59:47 06/01/2020
2,http://gppgle.com,kjashdasdsa,jkahgdsasds,04:59:49 06/01/2020
3,http://gsadppgle.com,kjashdasdsa,jkahgdsasds,04:59:50 06/01/2020
4,http://gsadppgle.com,kjassadhdasdsa,jkahgdsdsasds,04:59:52 06/01/2020
3,gfdfghttp://google.com,fgdfdg,gfgfdsdfs,05:01:11 06/01/2020
4,gfdfghttp://google.com,fgdfdg,gfgfdsdfs,05:01:11 06/01/2020
5,gfdfghttp://google.com,fgdfdg,gfgfdsdfs,05:01:20 06/01/2020
6,gfdfghttp://google.com,fgdfdg,gfgfdsdfs,05:01:25 06/01/2020
7,gfdfghttp://google.com,fgdfdg,gfgfdsdfs,05:01:28 06/01/2020
